,Sales,CompPrice,Income,Advertising,Population,Price,ShelveLoc,Age,Education,Urban,US,Sales_category
0,9.5,138.0,73.0,11.0,276.0,120,0,42,17,1,1,1
1,11.22,111.0,48.0,16.0,260.0,83,1,65,10,1,1,2
2,10.06,113.0,35.0,10.0,269.0,80,2,59,12,1,1,2
3,7.4,117.0,100.0,4.0,466.0,97,2,55,14,1,1,1
4,4.15,141.0,64.0,6.611528822055138,340.0,128,0,38,13,1,0,0
5,10.81,124.0,113.0,13.0,501.0,72,0,78,16,0,1,2
6,6.63,115.0,105.0,0.0,45.0,108,2,71,15,1,0,1
7,11.85,136.0,81.0,15.0,425.0,120,1,67,10,1,1,2
8,6.54,132.0,110.0,0.0,108.0,124,2,76,10,1,0,1
9,4.69,124.94974874371859,113.0,0.0,265.17543859649123,124,2,76,17,0,1,0
11,9.01,121.0,78.0,9.0,150.0,100,0,26,10,0,1,1
12,11.96,117.0,94.0,4.0,503.0,94,1,50,13,1,1,2
13,3.98,122.0,35.0,2.0,393.0,136,2,62,18,1,0,0
14,10.96,115.0,28.0,11.0,29.0,86,1,53,18,1,1,2
15,7.4684711779448625,107.0,117.0,11.0,148.0,118,1,52,18,1,1,1
16,8.71,149.0,95.0,5.0,400.0,144,2,76,18,0,0,1
17,7.58,118.0,32.0,0.0,284.0,110,1,63,13,1,0,1
18,12.29,147.0,68.73684210526316,6.611528822055138,251.0,131,2,52,10,1,1,2
19,13.91,110.0,110.0,0.0,408.0,68,1,46,17,0,1,2
20,8.73,129.0,68.73684210526316,16.0,58.0,121,2,69,12,1,1,1
21,6.41,125.0,90.0,2.0,367.0,131,2,35,18,1,1,1
22,7.4684711779448625,134.0,29.0,12.0,239.0,109,1,62,18,0,1,1
23,5.08,124.94974874371859,46.0,6.0,497.0,138,2,42,13,1,0,1
24,5.87,121.0,31.0,0.0,292.0,109,2,79,10,1,0,1
25,10.14,145.0,119.0,16.0,294.0,113,0,42,12,1,1,2
26,14.9,139.0,32.0,0.0,176.0,82,1,54,11,0,0,2
27,8.33,107.0,115.0,11.0,496.0,131,1,50,11,0,1,1
28,5.27,98.0,118.0,0.0,19.0,107,2,64,17,1,0,1
29,2.99,103.0,74.0,0.0,359.0,97,0,55,11,1,1,0
30,7.81,104.0,99.0,15.0,226.0,102,0,58,17,1,1,1
31,13.55,125.0,94.0,0.0,447.0,89,1,30,12,1,0,2
32,8.25,136.0,58.0,16.0,241.0,131,2,44,18,1,1,1
33,6.2,107.0,32.0,12.0,236.0,137,1,64,10,0,1,1
34,8.77,114.0,38.0,13.0,317.0,128,1,50,16,1,1,1
35,2.67,115.0,54.0,0.0,406.0,128,2,42,17,1,1,0
36,11.07,131.0,84.0,11.0,29.0,96,2,44,17,0,1,2
37,8.89,122.0,76.0,0.0,270.0,100,1,60,18,0,0,1
38,4.95,121.0,41.0,5.0,412.0,110,2,54,10,1,1,0
39,6.59,109.0,73.0,0.0,454.0,102,2,65,15,1,0,1
40,3.24,130.0,60.0,0.0,144.0,138,0,38,10,0,0,0
41,2.07,119.0,98.0,0.0,18.0,126,0,73,17,0,0,0
42,7.96,157.0,53.0,0.0,403.0,124,0,58,16,1,0,1
44,4.12,123.0,42.0,11.0,16.0,134,2,59,13,1,1,0
45,4.16,85.0,79.0,6.0,325.0,95,2,69,13,1,1,0
46,4.56,141.0,63.0,0.0,168.0,135,0,44,12,1,1,0
47,12.44,127.0,90.0,14.0,16.0,70,2,48,15,0,1,2
48,4.38,126.0,98.0,0.0,173.0,108,0,55,16,1,0,0
49,3.91,116.0,52.0,0.0,349.0,98,0,69,18,1,0,0
50,10.61,157.0,93.0,0.0,51.0,149,1,32,17,1,0,2
51,1.42,99.0,32.0,18.0,341.0,108,0,80,16,1,1,0
52,4.42,121.0,90.0,0.0,150.0,108,0,75,16,1,0,0
53,7.91,153.0,40.0,3.0,112.0,129,0,39,18,1,1,1
54,6.92,109.0,64.0,13.0,39.0,119,2,61,17,1,1,1
55,4.9,134.0,103.0,13.0,25.0,144,2,76,17,0,1,0
56,6.85,143.0,81.0,5.0,60.0,154,2,61,18,1,1,1
57,11.91,133.0,82.0,0.0,54.0,84,2,50,17,1,0,2
58,0.91,93.0,91.0,0.0,22.0,117,0,75,11,1,0,0
59,5.42,103.0,93.0,15.0,188.0,103,0,74,16,1,1,1
60,5.21,118.0,71.0,4.0,148.0,114,2,80,13,1,0,1
61,8.32,122.0,102.0,19.0,469.0,123,0,29,13,1,1,1
62,7.32,105.0,32.0,0.0,358.0,107,2,26,13,0,0,1
63,1.82,139.0,45.0,0.0,146.0,133,0,77,17,1,1,0
64,8.47,119.0,88.0,10.0,170.0,101,2,61,13,1,1,1
65,7.8,100.0,67.0,12.0,184.0,104,2,32,16,0,1,1
66,4.9,122.0,26.0,0.0,197.0,128,2,55,13,0,0,0
67,8.85,127.0,92.0,0.0,508.0,91,2,56,18,1,0,1
68,9.01,126.0,61.0,14.0,152.0,115,2,47,16,1,1,1
69,13.39,149.0,69.0,20.0,366.0,134,1,60,13,1,1,2
70,7.99,127.0,59.0,0.0,339.0,99,2,65,12,1,0,1
71,9.46,89.0,81.0,15.0,237.0,99,1,74,12,1,1,1
72,6.5,148.0,51.0,16.0,148.0,150,2,58,17,0,1,1
73,5.52,115.0,45.0,0.0,432.0,116,2,25,15,1,0,1
74,12.61,118.0,90.0,10.0,54.0,104,1,31,11,0,1,2
75,6.2,150.0,68.0,5.0,125.0,136,2,64,13,0,1,1
76,8.55,88.0,111.0,23.0,480.0,92,0,36,16,0,1,1
77,10.64,102.0,87.0,10.0,346.0,70,2,64,15,1,1,2
78,7.7,118.0,71.0,12.0,44.0,89,2,67,18,0,1,1
79,4.43,134.0,48.0,1.0,139.0,145,2,65,12,1,1,0
80,9.14,134.0,67.0,0.0,286.0,90,0,41,13,1,0,1
81,8.01,113.0,100.0,16.0,353.0,79,0,68,11,1,1,1
82,7.52,116.0,72.0,0.0,237.0,128,1,70,13,1,0,1
83,11.62,151.0,83.0,4.0,325.0,139,1,28,17,1,1,2
84,4.42,109.0,36.0,7.0,468.0,94,0,56,11,1,1,0
85,2.23,111.0,25.0,0.0,52.0,121,0,43,18,0,0,0
86,8.47,125.0,103.0,0.0,304.0,112,2,49,13,0,0,1
87,8.7,150.0,84.0,9.0,432.0,134,2,64,15,1,0,1
88,11.7,131.0,67.0,7.0,272.0,126,1,54,16,0,1,2
89,6.56,117.0,42.0,7.0,144.0,111,2,62,10,1,1,1
90,7.95,128.0,66.0,3.0,493.0,119,2,45,16,0,0,1
91,5.33,115.0,22.0,0.0,491.0,103,2,64,11,0,0,1
92,4.81,97.0,46.0,11.0,267.0,107,2,80,15,1,1,0
93,4.53,114.0,113.0,0.0,97.0,125,2,29,12,1,0,0
94,8.86,145.0,30.0,0.0,67.0,104,2,55,17,1,0,1
95,8.39,115.0,97.0,5.0,134.0,84,0,55,11,1,1,1
96,5.58,134.0,25.0,10.0,237.0,148,2,59,13,1,1,1
97,9.48,147.0,42.0,10.0,407.0,132,1,73,16,0,1,1
98,7.45,161.0,82.0,5.0,287.0,129,0,33,16,1,1,1
99,12.49,122.0,77.0,24.0,382.0,127,1,36,16,0,1,2
100,4.88,121.0,47.0,3.0,220.0,107,0,56,16,0,1,0
101,4.11,113.0,69.0,11.0,94.0,106,2,76,12,0,1,0
102,6.2,128.0,93.0,0.0,89.0,118,2,34,18,1,0,1
103,5.3,113.0,22.0,0.0,57.0,97,2,65,16,0,0,1
104,5.07,123.0,91.0,0.0,334.0,96,0,78,17,1,1,1
105,4.62,121.0,96.0,0.0,472.0,138,2,51,12,1,0,0
106,5.55,104.0,100.0,8.0,398.0,97,2,61,11,1,1,1
107,0.16,102.0,33.0,0.0,217.0,139,2,70,18,0,0,0
108,8.55,134.0,107.0,0.0,104.0,108,2,60,12,1,0,1
109,3.47,107.0,79.0,2.0,488.0,103,0,65,16,1,0,0
110,8.98,115.0,65.0,0.0,217.0,90,2,60,17,0,0,1
111,9.0,128.0,62.0,7.0,125.0,116,2,43,14,1,1,1
112,6.62,132.0,118.0,12.0,272.0,151,2,43,14,1,1,1
113,6.67,116.0,99.0,5.0,298.0,125,1,62,12,1,1,1
114,6.01,131.0,29.0,11.0,335.0,127,0,33,12,1,1,1
115,9.31,122.0,87.0,9.0,17.0,106,2,65,13,1,1,1
116,8.54,139.0,35.0,0.0,95.0,129,2,42,13,1,0,1
117,5.08,135.0,75.0,0.0,202.0,128,2,80,10,0,0,1
118,8.8,145.0,53.0,0.0,507.0,119,2,41,12,1,0,1
119,7.57,112.0,88.0,2.0,243.0,99,2,62,11,1,1,1
120,7.37,130.0,94.0,8.0,137.0,128,2,64,12,1,1,1
121,6.87,128.0,105.0,11.0,249.0,131,2,63,13,1,1,1
122,11.67,125.0,89.0,10.0,380.0,87,0,28,10,1,1,2
123,6.88,119.0,100.0,5.0,45.0,108,2,75,10,1,1,1
124,8.19,127.0,103.0,0.0,125.0,155,1,29,15,0,1,1
125,8.87,131.0,113.0,0.0,181.0,120,1,63,14,1,0,1
126,9.34,89.0,78.0,0.0,181.0,49,2,43,15,0,0,1
127,11.27,153.0,68.0,2.0,60.0,133,1,59,16,1,1,2
128,6.52,125.0,48.0,3.0,192.0,116,2,51,14,1,1,1
129,4.96,133.0,100.0,3.0,350.0,126,0,55,13,1,1,0
130,4.47,143.0,120.0,7.0,279.0,147,0,40,10,0,1,0
131,8.41,94.0,84.0,13.0,497.0,77,2,51,12,1,1,1
132,6.5,108.0,69.0,3.0,208.0,94,2,77,16,1,0,1
133,9.54,125.0,87.0,9.0,232.0,136,1,72,10,1,1,1
134,7.62,132.0,98.0,2.0,265.0,97,0,62,12,1,1,1
135,3.67,132.0,31.0,0.0,327.0,131,2,76,16,1,0,0
136,6.44,96.0,94.0,14.0,384.0,120,2,36,18,0,1,1
137,5.17,131.0,75.0,0.0,10.0,120,0,31,18,0,0,1
138,6.52,128.0,42.0,0.0,436.0,118,2,80,11,1,0,1
139,10.27,125.0,103.0,12.0,371.0,109,2,44,10,1,1,2
140,12.3,146.0,62.0,10.0,310.0,94,2,30,13,0,1,2
141,6.03,133.0,60.0,10.0,277.0,129,2,45,18,1,1,1
142,6.53,140.0,42.0,0.0,331.0,131,0,28,15,1,0,1
143,7.44,124.0,84.0,0.0,300.0,104,2,77,15,1,0,1
144,0.53,122.0,88.0,7.0,36.0,159,0,28,17,1,1,0
145,9.09,132.0,68.0,0.0,264.0,123,1,34,11,0,0,1
146,8.77,144.0,63.0,11.0,27.0,117,2,47,17,1,1,1
147,3.9,114.0,83.0,0.0,412.0,131,0,39,14,1,0,0
148,10.51,140.0,54.0,9.0,402.0,119,1,41,16,0,1,2
149,7.56,110.0,119.0,0.0,384.0,97,2,72,14,0,1,1
150,11.48,121.0,120.0,13.0,140.0,87,2,56,11,1,1,2
151,10.49,122.0,84.0,8.0,176.0,114,1,57,10,0,1,2
152,10.77,111.0,58.0,17.0,407.0,103,1,75,17,0,1,2
153,7.64,128.0,78.0,0.0,341.0,128,1,45,13,0,0,1
154,5.93,150.0,36.0,7.0,488.0,150,2,25,17,0,1,1
155,6.89,129.0,69.0,10.0,289.0,110,2,50,16,0,1,1
156,7.71,98.0,72.0,0.0,59.0,69,2,65,16,1,0,1
157,7.49,146.0,34.0,0.0,220.0,157,1,51,16,1,0,1
158,10.21,121.0,58.0,8.0,249.0,90,2,48,13,0,1,2
159,12.53,142.0,90.0,1.0,189.0,112,1,39,10,0,1,2
160,9.32,119.0,60.0,0.0,372.0,70,0,30,18,0,0,1
161,4.67,111.0,28.0,0.0,486.0,111,2,29,12,0,0,0
162,2.93,143.0,21.0,5.0,81.0,160,2,67,12,0,1,0
163,3.63,122.0,74.0,0.0,424.0,149,2,51,13,1,0,0
164,5.68,130.0,64.0,0.0,40.0,106,0,39,17,0,0,1
165,8.22,148.0,64.0,0.0,58.0,141,2,27,13,0,1,1
166,0.37,147.0,58.0,7.0,100.0,191,0,27,15,1,1,0
167,6.71,119.0,67.0,17.0,151.0,137,2,55,11,1,1,1
168,6.71,106.0,73.0,0.0,216.0,93,2,60,13,1,0,1
169,7.3,129.0,89.0,0.0,425.0,117,2,45,10,1,0,1
170,11.48,104.0,41.0,15.0,492.0,77,1,73,18,1,1,2
171,8.01,128.0,39.0,12.0,356.0,118,2,71,10,1,1,1
172,12.49,93.0,106.0,12.0,416.0,55,2,75,15,1,1,2
173,9.03,104.0,102.0,13.0,123.0,110,1,35,16,1,1,1
174,6.38,135.0,91.0,5.0,207.0,128,2,66,18,1,1,1
175,0.0,139.0,24.0,0.0,358.0,185,2,79,15,0,0,0
176,7.54,115.0,89.0,0.0,38.0,122,2,25,12,1,0,1
177,5.61,138.0,107.0,9.0,480.0,154,2,47,11,0,1,1
178,10.48,138.0,72.0,0.0,148.0,94,2,27,17,1,1,2
179,10.66,104.0,71.0,14.0,89.0,81,2,25,14,0,1,2
180,7.78,144.0,25.0,3.0,70.0,116,2,77,18,1,1,1
181,4.94,137.0,112.0,15.0,434.0,149,0,66,13,1,1,0
182,7.43,121.0,83.0,0.0,79.0,91,2,68,11,1,0,1
183,4.74,137.0,60.0,4.0,230.0,140,0,25,13,1,0,0
184,5.32,118.0,74.0,6.0,426.0,102,2,80,18,1,1,1
185,9.95,132.0,33.0,7.0,35.0,97,2,60,11,0,1,1
186,10.07,130.0,100.0,11.0,449.0,107,2,64,10,1,1,2
187,8.68,120.0,51.0,0.0,93.0,86,2,46,17,0,0,1
188,6.03,117.0,32.0,0.0,142.0,96,0,62,17,1,0,1
189,8.07,116.0,37.0,0.0,426.0,90,2,76,15,1,0,1
190,12.11,118.0,117.0,18.0,509.0,104,2,26,15,0,1,2
191,8.79,130.0,37.0,13.0,297.0,101,2,37,13,0,1,1
192,6.67,156.0,42.0,13.0,170.0,173,1,74,14,1,1,1
193,7.56,108.0,26.0,0.0,408.0,93,2,56,14,0,0,1
194,13.28,139.0,70.0,7.0,71.0,96,1,61,10,1,1,2
195,7.23,112.0,98.0,18.0,481.0,128,2,45,11,1,1,1
196,4.19,117.0,93.0,4.0,420.0,112,0,66,11,1,1,0
197,4.1,130.0,28.0,6.0,410.0,133,0,72,16,1,1,0
198,2.52,124.0,61.0,0.0,333.0,138,2,76,16,1,0,0
199,3.62,112.0,80.0,5.0,500.0,128,2,69,10,1,1,0
200,6.42,122.0,88.0,5.0,335.0,126,2,64,14,1,1,1
201,5.56,144.0,92.0,0.0,349.0,146,2,62,12,0,0,1
202,5.94,138.0,83.0,0.0,139.0,134,2,54,18,1,0,1
203,4.1,121.0,78.0,4.0,413.0,130,0,46,10,0,1,0
204,2.05,131.0,82.0,0.0,132.0,157,0,25,14,1,0,0
205,8.74,155.0,80.0,0.0,237.0,124,2,37,14,1,0,1
206,5.68,113.0,22.0,1.0,317.0,132,2,28,12,1,0,1
207,4.97,162.0,67.0,0.0,27.0,160,2,77,17,1,1,0
208,8.19,111.0,105.0,0.0,466.0,97,0,61,10,0,0,1
209,7.78,86.0,54.0,0.0,497.0,64,0,33,12,1,0,1
210,3.02,98.0,21.0,11.0,326.0,90,0,76,11,0,1,0
211,4.36,125.0,41.0,2.0,357.0,123,0,47,14,0,1,0
212,9.39,117.0,118.0,14.0,445.0,120,2,32,15,1,1,1
213,12.04,145.0,69.0,19.0,501.0,105,2,45,11,1,1,2
214,8.23,149.0,84.0,5.0,220.0,139,2,33,10,1,1,1
215,4.83,115.0,115.0,3.0,48.0,107,2,73,18,1,1,0
216,2.34,116.0,83.0,15.0,170.0,144,0,71,11,1,1,0
217,5.73,141.0,33.0,0.0,243.0,144,2,34,17,1,0,1
218,4.34,106.0,44.0,0.0,481.0,111,2,70,14,0,0,0
219,9.7,138.0,61.0,12.0,156.0,120,2,25,14,1,1,1
220,10.62,116.0,79.0,19.0,359.0,116,1,58,17,1,1,2
221,10.59,131.0,120.0,15.0,262.0,124,2,30,10,1,1,2
222,6.43,124.0,44.0,0.0,125.0,107,2,80,11,1,0,1
223,7.49,136.0,119.0,6.0,178.0,145,2,35,13,1,1,1
224,3.45,110.0,45.0,9.0,276.0,125,2,62,14,1,1,0
225,4.1,134.0,82.0,0.0,464.0,141,2,48,13,0,0,0
226,6.68,107.0,25.0,0.0,412.0,82,0,36,14,1,0,1
227,7.8,119.0,33.0,0.0,245.0,122,1,56,14,1,0,1
228,8.69,113.0,64.0,10.0,68.0,101,2,57,16,1,1,1
229,5.4,149.0,73.0,13.0,381.0,163,0,26,11,0,1,1
230,11.19,98.0,104.0,0.0,404.0,72,2,27,18,0,0,2
231,5.16,115.0,60.0,0.0,119.0,114,0,38,14,0,0,1
232,8.09,132.0,69.0,0.0,123.0,122,2,27,11,0,0,1
233,13.14,137.0,80.0,10.0,24.0,105,1,61,15,1,1,2
234,8.65,123.0,76.0,18.0,218.0,120,2,29,14,0,1,1
235,9.43,115.0,62.0,11.0,289.0,129,1,56,16,0,1,1
236,5.53,126.0,32.0,8.0,95.0,132,2,50,17,1,1,1
237,9.32,141.0,34.0,16.0,361.0,108,2,69,10,1,1,1
238,9.62,151.0,28.0,8.0,499.0,135,2,48,10,1,1,1
239,7.36,121.0,24.0,0.0,200.0,133,1,73,13,1,0,1
240,3.89,123.0,105.0,0.0,149.0,118,0,62,16,1,1,0
241,10.31,159.0,80.0,0.0,362.0,121,2,26,18,1,0,2
242,12.01,136.0,63.0,0.0,160.0,94,2,38,12,1,0,2
243,4.68,124.0,46.0,0.0,199.0,135,2,52,14,0,0,0
244,7.82,124.0,25.0,13.0,87.0,110,2,57,10,1,1,1
245,8.78,130.0,30.0,0.0,391.0,100,2,26,18,1,0,1
246,10.0,114.0,43.0,0.0,199.0,88,1,57,10,0,1,2
247,6.9,120.0,56.0,20.0,266.0,90,0,78,18,1,1,1
248,5.04,123.0,114.0,0.0,298.0,151,0,34,16,1,0,1
249,5.36,111.0,52.0,0.0,12.0,101,2,61,11,1,1,1
250,5.05,125.0,67.0,0.0,86.0,117,0,65,11,1,0,1
251,9.16,137.0,105.0,10.0,435.0,156,1,72,14,1,1,1
252,3.72,139.0,111.0,5.0,310.0,132,0,62,13,1,1,0
253,8.31,133.0,97.0,0.0,70.0,117,2,32,16,1,0,1
254,5.64,124.0,24.0,5.0,288.0,122,2,57,12,0,1,1
255,9.58,108.0,104.0,23.0,353.0,129,1,37,17,1,1,1
256,7.71,123.0,81.0,8.0,198.0,81,0,80,15,1,1,1
257,4.2,147.0,40.0,0.0,277.0,144,2,73,10,1,0,0
258,8.67,125.0,62.0,14.0,477.0,112,2,80,13,1,1,1
259,3.47,108.0,38.0,0.0,251.0,81,0,72,14,0,0,0
260,5.12,123.0,36.0,10.0,467.0,100,0,74,11,0,1,1
261,7.67,129.0,117.0,8.0,400.0,101,0,36,10,1,1,1
262,5.71,121.0,42.0,4.0,188.0,118,2,54,15,1,1,1
263,6.37,120.0,77.0,15.0,86.0,132,2,48,18,1,1,1
264,7.77,116.0,26.0,6.0,434.0,115,2,25,17,1,1,1
265,6.95,128.0,29.0,5.0,324.0,159,1,31,15,1,1,1
266,5.31,130.0,35.0,10.0,402.0,129,0,39,17,1,1,1
267,9.1,128.0,93.0,12.0,343.0,112,1,73,17,0,1,1
268,5.83,134.0,82.0,7.0,473.0,112,0,51,12,0,1,1
269,6.53,123.0,57.0,0.0,66.0,105,2,39,11,1,0,1
270,5.01,159.0,69.0,0.0,438.0,166,2,46,17,1,0,1
271,11.99,119.0,26.0,0.0,284.0,89,1,26,10,1,0,2
272,4.55,111.0,56.0,0.0,504.0,110,2,62,16,1,0,0
273,12.98,113.0,33.0,0.0,14.0,63,1,38,12,1,0,2
274,10.04,116.0,106.0,8.0,244.0,86,2,58,12,1,1,2
275,7.22,135.0,93.0,2.0,67.0,119,2,34,11,1,1,1
276,6.67,107.0,119.0,11.0,210.0,132,2,53,11,1,1,1
277,6.93,135.0,69.0,14.0,296.0,130,2,73,15,1,1,1
278,7.8,136.0,48.0,12.0,326.0,125,2,36,16,1,1,1
279,7.22,114.0,113.0,2.0,129.0,151,1,40,15,0,1,1
280,3.42,141.0,57.0,13.0,376.0,158,2,64,18,1,1,0
281,2.86,121.0,86.0,10.0,496.0,145,0,51,10,1,1,0
282,11.19,122.0,69.0,7.0,303.0,105,1,45,16,0,1,2
283,7.74,150.0,96.0,0.0,80.0,154,1,61,11,1,0,1
284,5.36,135.0,110.0,0.0,112.0,117,2,80,16,0,0,1
285,6.97,106.0,46.0,11.0,414.0,96,0,79,17,0,0,1
286,7.6,146.0,26.0,11.0,261.0,131,2,39,10,1,1,1
287,7.53,117.0,118.0,11.0,429.0,113,2,67,18,0,1,1
288,6.88,95.0,44.0,4.0,208.0,72,0,44,17,1,1,1
289,6.98,116.0,40.0,0.0,74.0,97,2,76,15,0,0,1
290,8.75,143.0,77.0,25.0,448.0,156,2,43,17,1,1,1
291,9.49,107.0,111.0,14.0,400.0,103,2,41,11,0,1,1
292,6.64,118.0,70.0,0.0,106.0,89,0,39,17,1,0,1
293,11.82,113.0,66.0,16.0,322.0,74,1,76,15,1,1,2
294,11.28,123.0,84.0,0.0,74.0,89,1,59,10,1,0,2
295,12.66,148.0,76.0,3.0,126.0,99,1,60,11,1,1,2
296,4.21,118.0,35.0,14.0,502.0,137,2,79,10,0,1,0
297,8.21,127.0,44.0,13.0,160.0,123,1,63,18,1,1,1
298,3.07,118.0,83.0,13.0,276.0,104,0,75,10,1,1,0
299,10.98,148.0,63.0,0.0,312.0,130,1,63,15,1,0,2
300,9.4,135.0,40.0,17.0,497.0,96,2,54,17,0,1,1
301,8.57,116.0,78.0,1.0,158.0,99,2,45,11,1,1,1
302,7.41,99.0,93.0,0.0,198.0,87,2,57,16,1,1,1
303,5.28,108.0,77.0,13.0,388.0,110,0,74,14,1,1,1
304,10.01,133.0,52.0,16.0,290.0,99,2,43,11,1,1,2
305,11.93,123.0,98.0,12.0,408.0,134,1,29,10,1,1,2
306,8.03,115.0,29.0,26.0,394.0,132,2,33,13,1,1,1
307,4.78,131.0,32.0,1.0,85.0,133,2,48,12,1,1,0
308,5.9,138.0,92.0,0.0,13.0,120,0,61,12,1,0,1
309,9.24,126.0,80.0,19.0,436.0,126,2,52,10,1,1,1
310,11.18,131.0,111.0,13.0,33.0,80,0,68,18,1,1,2
312,6.15,146.0,68.0,12.0,328.0,132,0,51,14,1,1,1
313,6.8,137.0,117.0,5.0,337.0,135,0,38,10,1,1,1
314,9.33,103.0,81.0,3.0,491.0,54,2,66,13,1,0,1
315,7.72,133.0,33.0,10.0,333.0,129,1,71,14,1,1,1
316,6.39,131.0,21.0,8.0,220.0,171,1,29,14,1,1,1
318,6.41,142.0,30.0,0.0,472.0,136,1,80,15,0,0,1
319,10.08,116.0,72.0,10.0,456.0,130,1,41,14,0,1,2
320,6.97,127.0,45.0,19.0,459.0,129,2,57,11,0,1,1
321,5.86,136.0,70.0,12.0,171.0,152,2,44,18,1,1,1
322,7.52,123.0,39.0,5.0,499.0,98,2,34,15,1,0,1
323,9.16,140.0,50.0,10.0,300.0,139,1,60,15,1,1,1
324,10.36,107.0,105.0,18.0,428.0,103,2,34,12,1,1,2
325,2.66,136.0,65.0,4.0,133.0,150,0,53,13,1,1,0
326,11.7,144.0,69.0,11.0,131.0,104,2,47,11,1,1,2
327,4.69,133.0,30.0,0.0,152.0,122,2,53,17,1,0,0
328,6.23,112.0,38.0,17.0,316.0,104,2,80,16,1,1,1
329,3.15,117.0,66.0,1.0,65.0,111,0,55,11,1,1,0
330,11.27,100.0,54.0,9.0,433.0,89,1,45,12,1,1,2
331,4.99,122.0,59.0,0.0,501.0,112,0,32,14,0,0,0
332,10.1,135.0,63.0,15.0,213.0,134,2,32,10,1,1,2
333,5.74,106.0,33.0,20.0,354.0,104,2,61,12,1,1,1
334,5.87,136.0,60.0,7.0,303.0,147,2,41,10,1,1,1
335,7.63,93.0,117.0,9.0,489.0,83,0,42,13,1,1,1
336,6.18,120.0,70.0,15.0,464.0,110,2,72,15,1,1,1
337,5.17,138.0,35.0,6.0,60.0,143,0,28,18,1,0,1
338,8.61,130.0,38.0,0.0,283.0,102,2,80,15,1,0,1
339,5.97,112.0,24.0,0.0,164.0,101,2,45,11,1,0,1
340,11.54,134.0,44.0,4.0,219.0,126,1,44,15,1,1,2
341,7.5,140.0,29.0,0.0,105.0,91,0,43,16,1,0,1
342,7.38,98.0,120.0,0.0,268.0,93,2,72,10,0,0,1
343,7.81,137.0,102.0,13.0,422.0,118,2,71,10,0,1,1
344,5.99,117.0,42.0,10.0,371.0,121,0,26,14,1,1,1
345,8.43,138.0,80.0,0.0,108.0,126,1,70,13,0,1,1
346,4.81,121.0,68.0,0.0,279.0,149,1,79,12,1,0,0
347,8.97,132.0,107.0,0.0,144.0,125,2,33,13,0,0,1
348,6.88,96.0,39.0,0.0,161.0,112,1,27,14,0,0,1
349,12.57,132.0,102.0,20.0,459.0,107,1,49,11,1,1,2
350,9.32,134.0,27.0,18.0,467.0,96,2,49,14,0,1,1
351,8.64,111.0,101.0,17.0,266.0,91,2,63,17,0,1,1
352,10.44,124.0,115.0,16.0,458.0,105,2,62,16,0,1,2
353,13.44,133.0,103.0,14.0,288.0,122,1,61,17,1,1,2
354,9.45,107.0,67.0,12.0,430.0,92,2,35,12,0,1,1
355,5.3,133.0,31.0,1.0,80.0,145,2,42,18,1,1,1
356,7.02,130.0,100.0,0.0,306.0,146,1,42,11,1,0,1
357,3.58,142.0,109.0,0.0,111.0,164,1,72,12,1,0,0
358,13.36,103.0,73.0,3.0,276.0,72,2,34,15,1,1,2
359,4.17,123.0,96.0,10.0,71.0,118,0,69,11,1,1,0
360,3.13,130.0,62.0,11.0,396.0,130,0,66,14,1,1,0
361,8.77,118.0,86.0,7.0,265.0,114,1,52,15,0,1,1
362,8.68,131.0,25.0,10.0,183.0,104,2,56,15,0,1,1
363,5.25,131.0,55.0,0.0,26.0,110,0,79,12,1,1,1
364,10.26,111.0,75.0,1.0,377.0,108,1,25,12,1,0,2
365,10.5,122.0,21.0,16.0,488.0,131,1,30,14,1,1,2
366,6.53,154.0,30.0,0.0,122.0,162,2,57,17,0,0,1
367,5.98,124.0,56.0,11.0,447.0,134,2,53,12,0,1,1
368,14.37,95.0,106.0,0.0,256.0,53,1,52,17,1,0,2
369,10.71,109.0,22.0,10.0,348.0,79,1,74,14,0,1,2
370,10.26,135.0,100.0,22.0,463.0,122,2,36,14,1,1,2
371,7.68,126.0,41.0,22.0,403.0,119,0,42,12,1,1,1
372,9.08,152.0,81.0,0.0,191.0,126,2,54,16,1,0,1
373,7.8,121.0,50.0,0.0,508.0,98,2,65,11,0,0,1
374,5.58,137.0,71.0,0.0,402.0,116,2,78,17,1,0,1
375,9.44,131.0,47.0,7.0,90.0,118,2,47,12,1,1,1
376,7.9,132.0,46.0,4.0,206.0,124,2,73,11,1,0,1
378,6.81,132.0,61.0,0.0,263.0,125,2,41,12,0,0,1
379,6.11,133.0,88.0,3.0,105.0,119,2,79,12,1,1,1
380,5.81,125.0,111.0,0.0,404.0,107,0,54,15,1,0,1
381,9.64,106.0,64.0,10.0,17.0,89,2,68,17,1,1,1
382,3.9,124.0,65.0,21.0,496.0,151,0,77,13,1,1,0
383,4.95,121.0,28.0,19.0,315.0,121,2,66,14,1,1,0
384,9.35,98.0,117.0,0.0,76.0,68,2,63,10,1,0,1
385,12.85,123.0,37.0,15.0,348.0,112,1,28,12,1,1,2
386,5.87,131.0,73.0,13.0,455.0,132,2,62,17,1,1,1
387,5.32,152.0,116.0,0.0,170.0,160,2,39,16,1,0,1
388,8.67,142.0,73.0,14.0,238.0,115,2,73,14,0,1,1
389,8.14,135.0,89.0,11.0,245.0,78,0,79,16,1,1,1
390,8.44,128.0,42.0,8.0,328.0,107,2,35,12,1,1,1
391,5.47,108.0,75.0,9.0,61.0,111,2,67,12,1,1,1
392,6.1,153.0,63.0,0.0,49.0,124,0,56,16,1,0,1
393,4.53,129.0,42.0,13.0,315.0,130,0,34,13,1,1,0
394,5.57,109.0,51.0,10.0,26.0,120,2,30,17,0,1,1
395,5.35,130.0,58.0,19.0,366.0,139,0,33,16,1,1,1
396,12.57,138.0,108.0,17.0,203.0,128,1,33,14,1,1,2
397,6.14,139.0,23.0,3.0,37.0,120,2,55,11,0,1,1
398,7.41,162.0,26.0,12.0,368.0,159,2,40,18,1,1,1
399,5.94,100.0,79.0,7.0,284.0,95,0,50,12,1,1,1
400,9.71,134.0,37.0,0.0,27.0,120,1,49,16,1,1,1
